Workbook

Sheet Sales
A1: OrderID | B1: OrderDate | C1: Region | D1: Product | E1: Salesperson | F1: Units | G1: MRP | H1: DiscountPct | I1: CustomerID | J1: Rating | K1: PaymentMode | L1: Category | M1: NetSales | N1: City | O1: Segment | P1: Month
A2: ORD1001 | B2: 45760 | C2: North | D2: Wall Clock | E2: Aman Verma | F2: 1 | G2: 349 | H2: 15 | I2: C036 | J2: 3 | K2: UPI | L2: =VLOOKUP(D2,Products!$A$2:$D$13,2,FALSE()) -> Home | M2: =F2*G2*(1-H2/100) -> 296.65 | N2: =VLOOKUP(I2,Customers!$A$2:$D$121,3,FALSE()) -> Mumbai | O2: =VLOOKUP(I2,Customers!$A$2:$D$121,4,FALSE()) -> Student | P2: =TEXT(B2,"yyyy-mm") -> 2025-04
A3: ORD1002 | B3: 45792 | C3: Central | D3: Wall Clock | E3: Vikas Joshi | F3: 6 | G3: 349 | H3: 10 | I3: C055 | J3: 1 | K3: Card | L3: =VLOOKUP(D3,Products!$A$2:$D$13,2,FALSE()) -> Home | M3: =F3*G3*(1-H3/100) -> 1884.6 | N3: =VLOOKUP(I3,Customers!$A$2:$D$121,3,FALSE()) -> Indore | O3: =VLOOKUP(I3,Customers!$A$2:$D$121,4,FALSE()) -> Corporate | P3: =TEXT(B3,"yyyy-mm") -> 2025-05
A4: ORD1003 | B4: 46056 | C4: Central | D4: Wireless Mouse | E4: Neha Tiwari | F4: 3 | G4: 450 | H4: 0 | I4: C072 | J4: 3 | K4: Card | L4: =VLOOKUP(D4,Products!$A$2:$D$13,2,FALSE()) -> Electronics | M4: =F4*G4*(1-H4/100) -> 1350 | N4: =VLOOKUP(I4,Customers!$A$2:$D$121,3,FALSE()) -> Chennai | O4: =VLOOKUP(I4,Customers!$A$2:$D$121,4,FALSE()) -> Student | P4: =TEXT(B4,"yyyy-mm") -> 2026-02
A5: ORD1004 | B5: 45890 | C5: Central | D5: Water Bottle | E5: Neha Tiwari | F5: 2 | G5: 249 | H5: 0 | I5: C098 | J5: 5 | K5: Cash | L5: =VLOOKUP(D5,Products!$A$2:$D$13,2,FALSE()) -> Accessories | M5: =F5*G5*(1-H5/100) -> 498 | N5: =VLOOKUP(I5,Customers!$A$2:$D$121,3,FALSE()) -> Indore | O5: =VLOOKUP(I5,Customers!$A$2:$D$121,4,FALSE()) -> Corporate | P5: =TEXT(B5,"yyyy-mm") -> 2025-08
A6: ORD1005 | B6: 45858 | C6: South | D6: USB Flash 64GB | E6: Kiran Rao | F6: 1 | G6: 500 | H6: 0 | I6: C014 | J6: 2 | K6: Cash | L6: =VLOOKUP(D6,Products!$A$2:$D$13,2,FALSE()) -> Electronics | M6: =F6*G6*(1-H6/100) -> 500 | N6: =VLOOKUP(I6,Customers!$A$2:$D$121,3,FALSE()) -> Chennai | O6: =VLOOKUP(I6,Customers!$A$2:$D$121,4,FALSE()) -> Retail | P6: =TEXT(B6,"yyyy-mm") -> 2025-07
A7: ORD1006 | B7: 45883 | C7: Central | D7: Earphones | E7: Vikas Joshi | F7: 1 | G7: 399 | H7: 0 | I7: C094 | J7: 4 | K7: Net Banking | L7: =VLOOKUP(D7,Products!$A$2:$D$13,2,FALSE()) -> Electronics | M7: =F7*G7*(1-H7/100) -> 399 | N7: =VLOOKUP(I7,Customers!$A$2:$D$121,3,FALSE()) -> Indore | O7: =VLOOKUP(I7,Customers!$A$2:$D$121,4,FALSE()) -> Retail | P7: =TEXT(B7,"yyyy-mm") -> 2025-08
A8: ORD1007 | B8: 45898 | C8: Central | D8: Gel Pen Pack | E8: Neha Tiwari | F8: 1 | G8: 30 | H8: 15 | I8: C080 | J8: 5 | K8: Card | L8: =VLOOKUP(D8,Products!$A$2:$D$13,2,FALSE()) -> Stationery | M8: =F8*G8*(1-H8/100) -> 25.5 | N8: =VLOOKUP(I8,Customers!$A$2:$D$121,3,FALSE()) -> Indore | O8: =VLOOKUP(I8,Customers!$A$2:$D$121,4,FALSE()) -> Student | P8: =TEXT(B8,"yyyy-mm") -> 2025-08
A9: ORD1008 | B9: 45771 | C9: North | D9: Photo Frame | E9: Aman Verma | F9: 4 | G9: 199 | H9: 15 | I9: C030 | J9: 5 | K9: Card | L9: =VLOOKUP(D9,Products!$A$2:$D$13,2,FALSE()) -> Home | M9: =F9*G9*(1-H9/100) -> 676.6 | N9: =VLOOKUP(I9,Customers!$A$2:$D$121,3,FALSE()) -> Indore | O9: =VLOOKUP(I9,Customers!$A$2:$D$121,4,FALSE()) -> Student | P9: =TEXT(B9,"yyyy-mm") -> 2025-04
A10: ORD1009 | B10: 45890 | C10: West | D10: Gel Pen Pack | E10: Rahul Mehta | F10: 2 | G10: 30 | H10: 5 | I10: C082 | J10: 5 | K10: Cash | L10: =VLOOKUP(D10,Products!$A$2:$D$13,2,FALSE()) -> Stationery | M10: =F10*G10*(1-H10/100) -> 57 | N10: =VLOOKUP(I10,Customers!$A$2:$D$121,3,FALSE()) -> Nagpur | O10: =VLOOKUP(I10,Customers!$A$2:$D$121,4,FALSE()) -> Retail | P10: =TEXT(B10,"yyyy-mm") -> 2025-08
A11: ORD1010 | B11: 46091 | C11: South | D11: Earphones | E11: Kiran Rao | F11: 3 | G11: 399 | H11: 0 | I11: C090 | J11: 5 | K11: Card | L11: =VLOOKUP(D11,Products!$A$2:$D$13,2,FALSE()) -> Electronics | M11: =F11*G11*(1-H11/100) -> 1197 | N11: =VLOOKUP(I11,Customers!$A$2:$D$121,3,FALSE()) -> Jaipur | O11: =VLOOKUP(I11,Customers!$A$2:$D$121,4,FALSE()) -> Corporate | P11: =TEXT(B11,"yyyy-mm") -> 2026-03
A12: ORD1011 | B12: 45831 | C12: South | D12: Laptop Sleeve | E12: Kiran Rao | F12: 1 | G12: 549 | H12: 5 | I12: C049 | J12: 3 | K12: Cash | L12: =VLOOKUP(D12,Products!$A$2:$D$13,2,FALSE()) -> Accessories | M12: =F12*G12*(1-H12/100) -> 521.55 | N12: =VLOOKUP(I12,Customers!$A$2:$D$121,3,FALSE()) -> Kolkata | O12: =VLOOKUP(I12,Customers!$A$2:$D$121,4,FALSE()) -> Corporate | P12: =TEXT(B12,"yyyy-mm") -> 2025-06
A13: ORD1012 | B13: 45764 | C13: South | D13: Notebook A5 | E13: Kiran Rao | F13: 6 | G13: 40 | H13: 0 | I13: C052 | J13: 3 | K13: Cash | L13: =VLOOKUP(D13,Products!$A$2:$D$13,2,FALSE()) -> Stationery | M13: =F13*G13*(1-H13/100) -> 240 | N13: =VLOOKUP(I13,Customers!$A$2:$D$121,3,FALSE()) -> Delhi | O13: =VLOOKUP(I13,Customers!$A$2:$D$121,4,FALSE()) -> Retail | P13: =TEXT(B13,"yyyy-mm") -> 2025-04
... A259: ORD1263 | B259: 45803 | C259: North | D259: Laptop Sleeve | E259: Riya Singh | F259: 1 | G259: 549 | H259: 5 | I259: C018 | J259: 5 | K259: Net Banking | L259: =VLOOKUP(D259,Products!$A$2:$D$13,2,FALSE()) -> Accessories | M259: =F259*G259*(1-H259/100) -> 521.55 | N259: =VLOOKUP(I259,Customers!$A$2:$D$121,3,FALSE()) -> Pune | O259: =VLOOKUP(I259,Customers!$A$2:$D$121,4,FALSE()) -> Retail | P259: =TEXT(B259,"yyyy-mm") -> 2025-05
A260: ORD1264 | B260: 45953 | C260: North | D260: Earphones | E260: Riya Singh | F260: 2 | G260: 399 | H260: 0 | I260: C073 | J260: N/A | K260: Cash | L260: =VLOOKUP(D260,Products!$A$2:$D$13,2,FALSE()) -> Electronics | M260: =F260*G260*(1-H260/100) -> 798 | N260: =VLOOKUP(I260,Customers!$A$2:$D$121,3,FALSE()) -> Jaipur | O260: =VLOOKUP(I260,Customers!$A$2:$D$121,4,FALSE()) -> Retail | P260: =TEXT(B260,"yyyy-mm") -> 2025-10
A261: ORD1265 | B261: 46006 | C261: West | D261: Gel Pen Pack | E261: Rahul Mehta | F261: 4 | G261: 30 | H261: 5 | I261: C098 | J261: 4 | K261: Card | L261: =VLOOKUP(D261,Products!$A$2:$D$13,2,FALSE()) -> Stationery | M261: =F261*G261*(1-H261/100) -> 114 | N261: =VLOOKUP(I261,Customers!$A$2:$D$121,3,FALSE()) -> Indore | O261: =VLOOKUP(I261,Customers!$A$2:$D$121,4,FALSE()) -> Corporate | P261: =TEXT(B261,"yyyy-mm") -> 2025-12
A262: ORD1266 | B262: 45939 | C262: West | D262: Gel Pen Pack | E262: Rahul Mehta | F262: 3 | G262: 30 | H262: 0 | I262: C072 | J262: 5 | K262: Card | L262: =VLOOKUP(D262,Products!$A$2:$D$13,2,FALSE()) -> Stationery | M262: =F262*G262*(1-H262/100) -> 90 | N262: =VLOOKUP(I262,Customers!$A$2:$D$121,3,FALSE()) -> Chennai | O262: =VLOOKUP(I262,Customers!$A$2:$D$121,4,FALSE()) -> Student | P262: =TEXT(B262,"yyyy-mm") -> 2025-10
A263: ORD1267 | B263: 45953 | C263: Central | D263: Study Lamp | E263: Vikas Joshi | F263: 2 | G263: 699 | H263: 10 | I263: C006 | J263: 1 | K263: Cash | L263: =VLOOKUP(D263,Products!$A$2:$D$13,2,FALSE()) -> Home | M263: =F263*G263*(1-H263/100) -> 1258.2 | N263: =VLOOKUP(I263,Customers!$A$2:$D$121,3,FALSE()) -> Mumbai | O263: =VLOOKUP(I263,Customers!$A$2:$D$121,4,FALSE()) -> Retail | P263: =TEXT(B263,"yyyy-mm") -> 2025-10
A264: ORD1268 | B264: 45981 | C264: Central | D264: Water Bottle | E264: Vikas Joshi | F264: 3 | G264: 249 | H264: 0 | I264: C078 | J264: 5 | K264: Cash | L264: =VLOOKUP(D264,Products!$A$2:$D$13,2,FALSE()) -> Accessories | M264: =F264*G264*(1-H264/100) -> 747 | N264: =VLOOKUP(I264,Customers!$A$2:$D$121,3,FALSE()) -> Indore | O264: =VLOOKUP(I264,Customers!$A$2:$D$121,4,FALSE()) -> Corporate | P264: =TEXT(B264,"yyyy-mm") -> 2025-11
A265: ORD1269 | B265: 45831 | C265: East | D265: Study Lamp | E265: Tanya Ghosh | F265: 1 | G265: 699 | H265: 5 | I265: C079 | J265: 5 | K265: Cash | L265: =VLOOKUP(D265,Products!$A$2:$D$13,2,FALSE()) -> Home | M265: =F265*G265*(1-H265/100) -> 664.05 | N265: =VLOOKUP(I265,Customers!$A$2:$D$121,3,FALSE()) -> Bhopal | O265: =VLOOKUP(I265,Customers!$A$2:$D$121,4,FALSE()) -> Student | P265: =TEXT(B265,"yyyy-mm") -> 2025-06
A266: ORD1270 | B266: 46020 | C266: Central | D266: Laptop Sleeve | E266: Neha Tiwari | F266: 1 | G266: 549 | H266: 5 | I266: C091 | J266: 4 | K266: UPI | L266: =VLOOKUP(D266,Products!$A$2:$D$13,2,FALSE()) -> Accessories | M266: =F266*G266*(1-H266/100) -> 521.55 | N266: =VLOOKUP(I266,Customers!$A$2:$D$121,3,FALSE()) -> Delhi | O266: =VLOOKUP(I266,Customers!$A$2:$D$121,4,FALSE()) -> Student | P266: =TEXT(B266,"yyyy-mm") -> 2025-12
A267: ORD1271 | B267: 46092 | C267: East | D267: Earphones | E267: Sourav Das | F267: 3 | G267: 399 | H267: 0 | I267: C054 | J267: 4 | K267: Net Banking | L267: =VLOOKUP(D267,Products!$A$2:$D$13,2,FALSE()) -> Electronics | M267: =F267*G267*(1-H267/100) -> 1197 | N267: =VLOOKUP(I267,Customers!$A$2:$D$121,3,FALSE()) -> Kolkata | O267: =VLOOKUP(I267,Customers!$A$2:$D$121,4,FALSE()) -> Retail | P267: =TEXT(B267,"yyyy-mm") -> 2026-03
A268: ORD1272 | B268: 46043 | C268: Central | D268: USB Flash 64GB | E268: Neha Tiwari | F268: 3 | G268: 500 | H268: 0 | I268: C093 | J268: 2 | K268: Card | L268: =VLOOKUP(D268,Products!$A$2:$D$13,2,FALSE()) -> Electronics | M268: =F268*G268*(1-H268/100) -> 1500 | N268: =VLOOKUP(I268,Customers!$A$2:$D$121,3,FALSE()) -> Jaipur | O268: =VLOOKUP(I268,Customers!$A$2:$D$121,4,FALSE()) -> Retail | P268: =TEXT(B268,"yyyy-mm") -> 2026-01
A269: ORD1273 | B269: 45942 | C269: Central | D269: Laptop Sleeve | E269: Vikas Joshi | F269: 4 | G269: 549 | H269: 0 | I269: C106 | J269: 4 | K269: UPI | L269: =VLOOKUP(D269,Products!$A$2:$D$13,2,FALSE()) -> Accessories | M269: =F269*G269*(1-H269/100) -> 2196 | N269: =VLOOKUP(I269,Customers!$A$2:$D$121,3,FALSE()) -> Bhopal | O269: =VLOOKUP(I269,Customers!$A$2:$D$121,4,FALSE()) -> Corporate | P269: =TEXT(B269,"yyyy-mm") -> 2025-10
A270: ORD1274 | B270: 45973 | C270: North | D270: Wireless Mouse | E270: Aman Verma | F270: 5 | G270: 450 | H270: 0 | I270: C054 | J270: 3 | K270: Net Banking | L270: =VLOOKUP(D270,Products!$A$2:$D$13,2,FALSE()) -> Electronics | M270: =F270*G270*(1-H270/100) -> 2250 | N270: =VLOOKUP(I270,Customers!$A$2:$D$121,3,FALSE()) -> Kolkata | O270: =VLOOKUP(I270,Customers!$A$2:$D$121,4,FALSE()) -> Retail | P270: =TEXT(B270,"yyyy-mm") -> 2025-11
A271: ORD1275 | B271: 45989 | C271: Central | D271: Laptop Sleeve | E271: Vikas Joshi | F271: 2 | G271: 549 | H271: 15 | I271: C094 | J271: 2 | K271: Card | L271: =VLOOKUP(D271,Products!$A$2:$D$13,2,FALSE()) -> Accessories | M271: =F271*G271*(1-H271/100) -> 933.3 | N271: =VLOOKUP(I271,Customers!$A$2:$D$121,3,FALSE()) -> Indore | O271: =VLOOKUP(I271,Customers!$A$2:$D$121,4,FALSE()) -> Retail | P271: =TEXT(B271,"yyyy-mm") -> 2025-11
A272: ORD1276 | B272: 46087 | C272: East | D272: Laptop Sleeve | E272: Sourav Das | F272: 2 | G272: 549 | H272: 5 | I272: C068 | J272: 4 | K272: Net Banking | L272: =VLOOKUP(D272,Products!$A$2:$D$13,2,FALSE()) -> Accessories | M272: =F272*G272*(1-H272/100) -> 1043.1 | N272: =VLOOKUP(I272,Customers!$A$2:$D$121,3,FALSE()) -> Mumbai | O272: =VLOOKUP(I272,Customers!$A$2:$D$121,4,FALSE()) -> Retail | P272: =TEXT(B272,"yyyy-mm") -> 2026-03
... A778: ORD1789 | B778: 45757 | C778: Central | D778: Laptop Sleeve | E778: Neha Tiwari | F778: 2 | G778: 549 | H778: 0 | I778: C074 | J778: 4 | K778: UPI | L778: =VLOOKUP(D778,Products!$A$2:$D$13,2,FALSE()) -> Accessories | M778: =F778*G778*(1-H778/100) -> 1098 | N778: =VLOOKUP(I778,Customers!$A$2:$D$121,3,FALSE()) -> Pune | O778: =VLOOKUP(I778,Customers!$A$2:$D$121,4,FALSE()) -> Student | P778: =TEXT(B778,"yyyy-mm") -> 2025-04
A779: ORD1790 | B779: 45763 | C779: East | D779: Desk Organizer | E779: Sourav Das | F779: 5 | G779: 180 | H779: 0 | I779: C049 | J779: N/A | K779: Net Banking | L779: =VLOOKUP(D779,Products!$A$2:$D$13,2,FALSE()) -> Stationery | M779: =F779*G779*(1-H779/100) -> 900 | N779: =VLOOKUP(I779,Customers!$A$2:$D$121,3,FALSE()) -> Kolkata | O779: =VLOOKUP(I779,Customers!$A$2:$D$121,4,FALSE()) -> Corporate | P779: =TEXT(B779,"yyyy-mm") -> 2025-04
A780: ORD1791 | B780: 45807 | C780: Central | D780: Desk Organizer | E780: Vikas Joshi | F780: 1 | G780: 180 | H780: 0 | I780: C091 | J780: 5 | K780: Cash | L780: =VLOOKUP(D780,Products!$A$2:$D$13,2,FALSE()) -> Stationery | M780: =F780*G780*(1-H780/100) -> 180 | N780: =VLOOKUP(I780,Customers!$A$2:$D$121,3,FALSE()) -> Delhi | O780: =VLOOKUP(I780,Customers!$A$2:$D$121,4,FALSE()) -> Student | P780: =TEXT(B780,"yyyy-mm") -> 2025-05
A781: ORD1792 | B781: 46002 | C781: North | D781: Backpack | E781: Riya Singh | F781: 2 | G781: 799 | H781: 0 | I781: C048 | J781: 4 | K781: Card | L781: =VLOOKUP(D781,Products!$A$2:$D$13,2,FALSE()) -> Accessories | M781: =F781*G781*(1-H781/100) -> 1598 | N781: =VLOOKUP(I781,Customers!$A$2:$D$121,3,FALSE()) -> Jaipur | O781: =VLOOKUP(I781,Customers!$A$2:$D$121,4,FALSE()) -> Student | P781: =TEXT(B781,"yyyy-mm") -> 2025-12
A782: ORD1793 | B782: 45837 | C782: East | D782: Laptop Sleeve | E782: Sourav Das | F782: 2 | G782: 549 | H782: 0 | I782: C048 | J782: 5 | K782: UPI | L782: =VLOOKUP(D782,Products!$A$2:$D$13,2,FALSE()) -> Accessories | M782: =F782*G782*(1-H782/100) -> 1098 | N782: =VLOOKUP(I782,Customers!$A$2:$D$121,3,FALSE()) -> Jaipur | O782: =VLOOKUP(I782,Customers!$A$2:$D$121,4,FALSE()) -> Student | P782: =TEXT(B782,"yyyy-mm") -> 2025-06
A783: ORD1794 | B783: 45760 | C783: Central | D783: Water Bottle | E783: Vikas Joshi | F783: 2 | G783: 249 | H783: 5 | I783: C116 | J783: 4 | K783: Cash | L783: =VLOOKUP(D783,Products!$A$2:$D$13,2,FALSE()) -> Accessories | M783: =F783*G783*(1-H783/100) -> 473.1 | N783: =VLOOKUP(I783,Customers!$A$2:$D$121,3,FALSE()) -> Chennai | O783: =VLOOKUP(I783,Customers!$A$2:$D$121,4,FALSE()) -> Corporate | P783: =TEXT(B783,"yyyy-mm") -> 2025-04
A784: ORD1795 | B784: 45906 | C784: Central | D784: Water Bottle | E784: Vikas Joshi | F784: 1 | G784: 249 | H784: 0 | I784: C019 | J784: 5 | K784: Card | L784: =VLOOKUP(D784,Products!$A$2:$D$13,2,FALSE()) -> Accessories | M784: =F784*G784*(1-H784/100) -> 249 | N784: =VLOOKUP(I784,Customers!$A$2:$D$121,3,FALSE()) -> Kolkata | O784: =VLOOKUP(I784,Customers!$A$2:$D$121,4,FALSE()) -> Student | P784: =TEXT(B784,"yyyy-mm") -> 2025-09
A785: ORD1796 | B785: 45983 | C785: North | D785: Wireless Mouse | E785: Aman Verma | F785: 4 | G785: 450 | H785: 5 | I785: C092 | J785: 5 | K785: UPI | L785: =VLOOKUP(D785,Products!$A$2:$D$13,2,FALSE()) -> Electronics | M785: =F785*G785*(1-H785/100) -> 1710 | N785: =VLOOKUP(I785,Customers!$A$2:$D$121,3,FALSE()) -> Mumbai | O785: =VLOOKUP(I785,Customers!$A$2:$D$121,4,FALSE()) -> Student | P785: =TEXT(B785,"yyyy-mm") -> 2025-11
A786: ORD1797 | B786: 46099 | C786: North | D786: USB Flash 64GB | E786: Riya Singh | F786: 5 | G786: 500 | H786: 10 | I786: C112 | J786: 2 | K786: UPI | L786: =VLOOKUP(D786,Products!$A$2:$D$13,2,FALSE()) -> Electronics | M786: =F786*G786*(1-H786/100) -> 2250 | N786: =VLOOKUP(I786,Customers!$A$2:$D$121,3,FALSE()) -> Kolkata | O786: =VLOOKUP(I786,Customers!$A$2:$D$121,4,FALSE()) -> Student | P786: =TEXT(B786,"yyyy-mm") -> 2026-03
A787: ORD1798 | B787: 46085 | C787: Central | D787: Gel Pen Pack | E787: Neha Tiwari | F787: 2 | G787: 30 | H787: 15 | I787: C040 | J787: 1 | K787: Card | L787: =VLOOKUP(D787,Products!$A$2:$D$13,2,FALSE()) -> Stationery | M787: =F787*G787*(1-H787/100) -> 51 | N787: =VLOOKUP(I787,Customers!$A$2:$D$121,3,FALSE()) -> Nagpur | O787: =VLOOKUP(I787,Customers!$A$2:$D$121,4,FALSE()) -> Student | P787: =TEXT(B787,"yyyy-mm") -> 2026-03
A788: ORD1799 | B788: 45846 | C788: South | D788: Earphones | E788: Meena Nair | F788: 2 | G788: 399 | H788: 0 | I788: C036 | J788: 4 | K788: UPI | L788: =VLOOKUP(D788,Products!$A$2:$D$13,2,FALSE()) -> Electronics | M788: =F788*G788*(1-H788/100) -> 798 | N788: =VLOOKUP(I788,Customers!$A$2:$D$121,3,FALSE()) -> Mumbai | O788: =VLOOKUP(I788,Customers!$A$2:$D$121,4,FALSE()) -> Student | P788: =TEXT(B788,"yyyy-mm") -> 2025-07
A789: ORD1800 | B789: 45828 | C789: South | D789: USB Flash 64GB | E789: Kiran Rao | F789: 5 | G789: 500 | H789: 0 | I789: C015 | J789: 1 | K789: Card | L789: =VLOOKUP(D789,Products!$A$2:$D$13,2,FALSE()) -> Electronics | M789: =F789*G789*(1-H789/100) -> 2500 | N789: =VLOOKUP(I789,Customers!$A$2:$D$121,3,FALSE()) -> Chennai | O789: =VLOOKUP(I789,Customers!$A$2:$D$121,4,FALSE()) -> Student | P789: =TEXT(B789,"yyyy-mm") -> 2025-06
A790: ORD1801 | B790: 46029 | C790: East | D790: Laptop Sleeve | E790: Tanya Ghosh | F790: 3 | G790: 549 | H790: 0 | I790: C035 | J790: 3 | K790: Card | L790: =VLOOKUP(D790,Products!$A$2:$D$13,2,FALSE()) -> Accessories | M790: =F790*G790*(1-H790/100) -> 1647 | N790: =VLOOKUP(I790,Customers!$A$2:$D$121,3,FALSE()) -> Pune | O790: =VLOOKUP(I790,Customers!$A$2:$D$121,4,FALSE()) -> Student | P790: =TEXT(B790,"yyyy-mm") -> 2026-01
A791: ORD1802 | B791: 45907 | C791: North | D791: Desk Organizer | E791: Riya Singh | F791: 1 | G791: 180 | H791: 10 | I791: C115 | J791: 4 | K791: UPI | L791: =VLOOKUP(D791,Products!$A$2:$D$13,2,FALSE()) -> Stationery | M791: =F791*G791*(1-H791/100) -> 162 | N791: =VLOOKUP(I791,Customers!$A$2:$D$121,3,FALSE()) -> Lucknow | O791: =VLOOKUP(I791,Customers!$A$2:$D$121,4,FALSE()) -> Retail | P791: =TEXT(B791,"yyyy-mm") -> 2025-09
... A867: ORD1878 | B867: 45751 | C867: North | D867: Gel Pen Pack | E867: Riya Singh | F867: 2 | G867: 30 | H867: 0 | I867: C119 | J867: 2 | K867: Net Banking | L867: =VLOOKUP(D867,Products!$A$2:$D$13,2,FALSE()) -> Stationery | M867: =F867*G867*(1-H867/100) -> 60 | N867: =VLOOKUP(I867,Customers!$A$2:$D$121,3,FALSE()) -> Pune | O867: =VLOOKUP(I867,Customers!$A$2:$D$121,4,FALSE()) -> Retail | P867: =TEXT(B867,"yyyy-mm") -> 2025-04
A868: ORD1879 | B868: 46102 | C868: West | D868: Photo Frame | E868: Pooja Shah | F868: 1 | G868: 199 | H868: 0 | I868: C027 | J868: N/A | K868: Net Banking | L868: =VLOOKUP(D868,Products!$A$2:$D$13,2,FALSE()) -> Home | M868: =F868*G868*(1-H868/100) -> 199 | N868: =VLOOKUP(I868,Customers!$A$2:$D$121,3,FALSE()) -> Pune | O868: =VLOOKUP(I868,Customers!$A$2:$D$121,4,FALSE()) -> Retail | P868: =TEXT(B868,"yyyy-mm") -> 2026-03
A869: ORD1880 | B869: 45837 | C869: South | D869: Backpack | E869: Kiran Rao | F869: 1 | G869: 799 | H869: 10 | I869: C089 | J869: 1 | K869: Net Banking | L869: =VLOOKUP(D869,Products!$A$2:$D$13,2,FALSE()) -> Accessories | M869: =F869*G869*(1-H869/100) -> 719.1 | N869: =VLOOKUP(I869,Customers!$A$2:$D$121,3,FALSE()) -> Lucknow | O869: =VLOOKUP(I869,Customers!$A$2:$D$121,4,FALSE()) -> Corporate | P869: =TEXT(B869,"yyyy-mm") -> 2025-06
A870: ORD1881 | B870: 46069 | C870: North | D870: Study Lamp | E870: Aman Verma | F870: 1 | G870: 699 | H870: 0 | I870: C045 | J870: 4 | K870: Card | L870: =VLOOKUP(D870,Products!$A$2:$D$13,2,FALSE()) -> Home | M870: =F870*G870*(1-H870/100) -> 699 | N870: =VLOOKUP(I870,Customers!$A$2:$D$121,3,FALSE()) -> Bhopal | O870: =VLOOKUP(I870,Customers!$A$2:$D$121,4,FALSE()) -> Student | P870: =TEXT(B870,"yyyy-mm") -> 2026-02
A871: ORD1882 | B871: 45796 | C871: Central | D871: Gel Pen Pack | E871: Vikas Joshi | F871: 2 | G871: 30 | H871: 10 | I871: C047 | J871: 5 | K871: Net Banking | L871: =VLOOKUP(D871,Products!$A$2:$D$13,2,FALSE()) -> Stationery | M871: =F871*G871*(1-H871/100) -> 54 | N871: =VLOOKUP(I871,Customers!$A$2:$D$121,3,FALSE()) -> Delhi | O871: =VLOOKUP(I871,Customers!$A$2:$D$121,4,FALSE()) -> Retail | P871: =TEXT(B871,"yyyy-mm") -> 2025-05
A872: ORD1883 | B872: 45889 | C872: South | D872: Wall Clock | E872: Kiran Rao | F872: 1 | G872: 349 | H872: 0 | I872: C025 | J872: 2 | K872: Net Banking | L872: =VLOOKUP(D872,Products!$A$2:$D$13,2,FALSE()) -> Home | M872: =F872*G872*(1-H872/100) -> 349 | N872: =VLOOKUP(I872,Customers!$A$2:$D$121,3,FALSE()) -> Jaipur | O872: =VLOOKUP(I872,Customers!$A$2:$D$121,4,FALSE()) -> Corporate | P872: =TEXT(B872,"yyyy-mm") -> 2025-08
A873: ORD1884 | B873: 45829 | C873: South | D873: Water Bottle | E873: Meena Nair | F873: 1 | G873: 249 | H873: 15 | I873: C119 | J873: 1 | K873: Cash | L873: =VLOOKUP(D873,Products!$A$2:$D$13,2,FALSE()) -> Accessories | M873: =F873*G873*(1-H873/100) -> 211.65 | N873: =VLOOKUP(I873,Customers!$A$2:$D$121,3,FALSE()) -> Pune | O873: =VLOOKUP(I873,Customers!$A$2:$D$121,4,FALSE()) -> Retail | P873: =TEXT(B873,"yyyy-mm") -> 2025-06
A874: ORD1885 | B874: 45876 | C874: West | D874: Wireless Mouse | E874: Pooja Shah | F874: 3 | G874: 450 | H874: 0 | I874: C079 | J874: 5 | K874: UPI | L874: =VLOOKUP(D874,Products!$A$2:$D$13,2,FALSE()) -> Electronics | M874: =F874*G874*(1-H874/100) -> 1350 | N874: =VLOOKUP(I874,Customers!$A$2:$D$121,3,FALSE()) -> Bhopal | O874: =VLOOKUP(I874,Customers!$A$2:$D$121,4,FALSE()) -> Student | P874: =TEXT(B874,"yyyy-mm") -> 2025-08
A875: ORD1886 | B875: 46023 | C875: North | D875: Gel Pen Pack | E875: Riya Singh | F875: 1 | G875: 30 | H875: 0 | I875: C021 | J875: N/A | K875: UPI | L875: =VLOOKUP(D875,Products!$A$2:$D$13,2,FALSE()) -> Stationery | M875: =F875*G875*(1-H875/100) -> 30 | N875: =VLOOKUP(I875,Customers!$A$2:$D$121,3,FALSE()) -> Mumbai | O875: =VLOOKUP(I875,Customers!$A$2:$D$121,4,FALSE()) -> Retail | P875: =TEXT(B875,"yyyy-mm") -> 2026-01
A876: ORD1887 | B876: 45975 | C876: South | D876: Gel Pen Pack | E876: Kiran Rao | F876: 2 | G876: 30 | H876: 10 | I876: C075 | J876: 3 | K876: Cash | L876: =VLOOKUP(D876,Products!$A$2:$D$13,2,FALSE()) -> Stationery | M876: =F876*G876*(1-H876/100) -> 54 | N876: =VLOOKUP(I876,Customers!$A$2:$D$121,3,FALSE()) -> Indore | O876: =VLOOKUP(I876,Customers!$A$2:$D$121,4,FALSE()) -> Retail | P876: =TEXT(B876,"yyyy-mm") -> 2025-11
A877: ORD1888 | B877: 45914 | C877: North | D877: Wireless Mouse | E877: Riya Singh | F877: 1 | G877: 450 | H877: 0 | I877: C013 | J877: 3 | K877: Card | L877: =VLOOKUP(D877,Products!$A$2:$D$13,2,FALSE()) -> Electronics | M877: =F877*G877*(1-H877/100) -> 450 | N877: =VLOOKUP(I877,Customers!$A$2:$D$121,3,FALSE()) -> Pune | O877: =VLOOKUP(I877,Customers!$A$2:$D$121,4,FALSE()) -> Retail | P877: =TEXT(B877,"yyyy-mm") -> 2025-09
A878: ORD1889 | B878: 45785 | C878: South | D878: Backpack | E878: Meena Nair | F878: 1 | G878: 799 | H878: 5 | I878: C075 | J878: 4 | K878: Card | L878: =VLOOKUP(D878,Products!$A$2:$D$13,2,FALSE()) -> Accessories | M878: =F878*G878*(1-H878/100) -> 759.05 | N878: =VLOOKUP(I878,Customers!$A$2:$D$121,3,FALSE()) -> Indore | O878: =VLOOKUP(I878,Customers!$A$2:$D$121,4,FALSE()) -> Retail | P878: =TEXT(B878,"yyyy-mm") -> 2025-05
A879: ORD1890 | B879: 45980 | C879: Central | D879: Wireless Mouse | E879: Neha Tiwari | F879: 1 | G879: 450 | H879: 0 | I879: C050 | J879: 4 | K879: Card | L879: =VLOOKUP(D879,Products!$A$2:$D$13,2,FALSE()) -> Electronics | M879: =F879*G879*(1-H879/100) -> 450 | N879: =VLOOKUP(I879,Customers!$A$2:$D$121,3,FALSE()) -> Chennai | O879: =VLOOKUP(I879,Customers!$A$2:$D$121,4,FALSE()) -> Student | P879: =TEXT(B879,"yyyy-mm") -> 2025-11
A880: ORD1891 | B880: 45886 | C880: East | D880: Wall Clock | E880: Sourav Das | F880: 3 | G880: 349 | H880: 0 | I880: C043 | J880: 2 | K880: Cash | L880: =VLOOKUP(D880,Products!$A$2:$D$13,2,FALSE()) -> Home | M880: =F880*G880*(1-H880/100) -> 1047 | N880: =VLOOKUP(I880,Customers!$A$2:$D$121,3,FALSE()) -> Lucknow | O880: =VLOOKUP(I880,Customers!$A$2:$D$121,4,FALSE()) -> Corporate | P880: =TEXT(B880,"yyyy-mm") -> 2025-08
A881: ORD1892 | B881: 45986 | C881: North | D881: Desk Organizer | E881: Riya Singh | F881: 4 | G881: 180 | H881: 5 | I881: C054 | J881: 3 | K881: Card | L881: =VLOOKUP(D881,Products!$A$2:$D$13,2,FALSE()) -> Stationery | M881: =F881*G881*(1-H881/100) -> 684 | N881: =VLOOKUP(I881,Customers!$A$2:$D$121,3,FALSE()) -> Kolkata | O881: =VLOOKUP(I881,Customers!$A$2:$D$121,4,FALSE()) -> Retail | P881: =TEXT(B881,"yyyy-mm") -> 2025-11
A882: ORD1893 | B882: 45828 | C882: Central | D882: USB Flash 64GB | E882: Vikas Joshi | F882: 3 | G882: 500 | H882: 15 | I882: C079 | J882: 5 | K882: UPI | L882: =VLOOKUP(D882,Products!$A$2:$D$13,2,FALSE()) -> Electronics | M882: =F882*G882*(1-H882/100) -> 1275 | N882: =VLOOKUP(I882,Customers!$A$2:$D$121,3,FALSE()) -> Bhopal | O882: =VLOOKUP(I882,Customers!$A$2:$D$121,4,FALSE()) -> Student | P882: =TEXT(B882,"yyyy-mm") -> 2025-06
A883: ORD1894 | B883: 45998 | C883: Central | D883: Backpack | E883: Neha Tiwari | F883: 1 | G883: 799 | H883: 0 | I883: C076 | J883: 4 | K883: Cash | L883: =VLOOKUP(D883,Products!$A$2:$D$13,2,FALSE()) -> Accessories | M883: =F883*G883*(1-H883/100) -> 799 | N883: =VLOOKUP(I883,Customers!$A$2:$D$121,3,FALSE()) -> Bhopal | O883: =VLOOKUP(I883,Customers!$A$2:$D$121,4,FALSE()) -> Retail | P883: =TEXT(B883,"yyyy-mm") -> 2025-12
A884: ORD1895 | B884: 45874 | C884: West | D884: Notebook A5 | E884: Rahul Mehta | F884: 2 | G884: 40 | H884: 0 | I884: C042 | J884: 4 | K884: Card | L884: =VLOOKUP(D884,Products!$A$2:$D$13,2,FALSE()) -> Stationery | M884: =F884*G884*(1-H884/100) -> 80 | N884: =VLOOKUP(I884,Customers!$A$2:$D$121,3,FALSE()) -> Indore | O884: =VLOOKUP(I884,Customers!$A$2:$D$121,4,FALSE()) -> Student | P884: =TEXT(B884,"yyyy-mm") -> 2025-08
A885: ORD1896 | B885: 45961 | C885: North | D885: Study Lamp | E885: Aman Verma | F885: 1 | G885: 699 | H885: 0 | I885: C006 | J885: 5 | K885: Net Banking | L885: =VLOOKUP(D885,Products!$A$2:$D$13,2,FALSE()) -> Home | M885: =F885*G885*(1-H885/100) -> 699 | N885: =VLOOKUP(I885,Customers!$A$2:$D$121,3,FALSE()) -> Mumbai | O885: =VLOOKUP(I885,Customers!$A$2:$D$121,4,FALSE()) -> Retail | P885: =TEXT(B885,"yyyy-mm") -> 2025-10
A886: ORD1897 | B886: 45993 | C886: West | D886: Laptop Sleeve | E886: Pooja Shah | F886: 1 | G886: 549 | H886: 15 | I886: C106 | J886: 2 | K886: Card | L886: =VLOOKUP(D886,Products!$A$2:$D$13,2,FALSE()) -> Accessories | M886: =F886*G886*(1-H886/100) -> 466.65 | N886: =VLOOKUP(I886,Customers!$A$2:$D$121,3,FALSE()) -> Bhopal | O886: =VLOOKUP(I886,Customers!$A$2:$D$121,4,FALSE()) -> Corporate | P886: =TEXT(B886,"yyyy-mm") -> 2025-12
A887: ORD1898 | B887: 45754 | C887: Central | D887: Gel Pen Pack | E887: Vikas Joshi | F887: 4 | G887: 30 | H887: 15 | I887: C094 | J887: 4 | K887: Card | L887: =VLOOKUP(D887,Products!$A$2:$D$13,2,FALSE()) -> Stationery | M887: =F887*G887*(1-H887/100) -> 102 | N887: =VLOOKUP(I887,Customers!$A$2:$D$121,3,FALSE()) -> Indore | O887: =VLOOKUP(I887,Customers!$A$2:$D$121,4,FALSE()) -> Retail | P887: =TEXT(B887,"yyyy-mm") -> 2025-04
... A899: ORD1910 | B899: 45792 | C899: West | D899: Wireless Mouse | E899: Pooja Shah | F899: 1 | G899: 450 | H899: 0 | I899: C051 | J899: 5 | K899: UPI | L899: =VLOOKUP(D899,Products!$A$2:$D$13,2,FALSE()) -> Electronics | M899: =F899*G899*(1-H899/100) -> 450 | N899: =VLOOKUP(I899,Customers!$A$2:$D$121,3,FALSE()) -> Bhopal | O899: =VLOOKUP(I899,Customers!$A$2:$D$121,4,FALSE()) -> Retail | P899: =TEXT(B899,"yyyy-mm") -> 2025-05
A900: ORD1911 | B900: 45889 | C900: South | D900: Gel Pen Pack | E900: Kiran Rao | F900: 2 | G900: 30 | H900: 0 | I900: C090 | J900: N/A | K900: Card | L900: =VLOOKUP(D900,Products!$A$2:$D$13,2,FALSE()) -> Stationery | M900: =F900*G900*(1-H900/100) -> 60 | N900: =VLOOKUP(I900,Customers!$A$2:$D$121,3,FALSE()) -> Jaipur | O900: =VLOOKUP(I900,Customers!$A$2:$D$121,4,FALSE()) -> Corporate | P900: =TEXT(B900,"yyyy-mm") -> 2025-08
A901: ORD1912 | B901: 45898 | C901: North | D901: Laptop Sleeve | E901: Aman Verma | F901: 1 | G901: 549 | H901: 5 | I901: C088 | J901: 4 | K901: Net Banking | L901: =VLOOKUP(D901,Products!$A$2:$D$13,2,FALSE()) -> Accessories | M901: =F901*G901*(1-H901/100) -> 521.55 | N901: =VLOOKUP(I901,Customers!$A$2:$D$121,3,FALSE()) -> Lucknow | O901: =VLOOKUP(I901,Customers!$A$2:$D$121,4,FALSE()) -> Retail | P901: =TEXT(B901,"yyyy-mm") -> 2025-08
A902: ORD1913 | B902: 45975 | C902: West | D902: Earphones | E902: Rahul Mehta | F902: 2 | G902: 399 | H902: 15 | I902: C083 | J902: 1 | K902: UPI | L902: =VLOOKUP(D902,Products!$A$2:$D$13,2,FALSE()) -> Electronics | M902: =F902*G902*(1-H902/100) -> 678.3 | N902: =VLOOKUP(I902,Customers!$A$2:$D$121,3,FALSE()) -> Kolkata | O902: =VLOOKUP(I902,Customers!$A$2:$D$121,4,FALSE()) -> Corporate | P902: =TEXT(B902,"yyyy-mm") -> 2025-11
A903: ORD1914 | B903: 46014 | C903: South | D903: Notebook A5 | E903: Meena Nair | F903: 1 | G903: 40 | H903: 15 | I903: C043 | J903: 4 | K903: Cash | L903: =VLOOKUP(D903,Products!$A$2:$D$13,2,FALSE()) -> Stationery | M903: =F903*G903*(1-H903/100) -> 34 | N903: =VLOOKUP(I903,Customers!$A$2:$D$121,3,FALSE()) -> Lucknow | O903: =VLOOKUP(I903,Customers!$A$2:$D$121,4,FALSE()) -> Corporate | P903: =TEXT(B903,"yyyy-mm") -> 2025-12
A904: ORD1915 | B904: 46088 | C904: Central | D904: Water Bottle | E904: Neha Tiwari | F904: 2 | G904: 249 | H904: 15 | I904: C068 | J904: 5 | K904: Net Banking | L904: =VLOOKUP(D904,Products!$A$2:$D$13,2,FALSE()) -> Accessories | M904: =F904*G904*(1-H904/100) -> 423.3 | N904: =VLOOKUP(I904,Customers!$A$2:$D$121,3,FALSE()) -> Mumbai | O904: =VLOOKUP(I904,Customers!$A$2:$D$121,4,FALSE()) -> Retail | P904: =TEXT(B904,"yyyy-mm") -> 2026-03
A905: ORD1916 | B905: 45815 | C905: Central | D905: USB Flash 64GB | E905: Vikas Joshi | F905: 1 | G905: 500 | H905: 0 | I905: C022 | J905: 5 | K905: Net Banking | L905: =VLOOKUP(D905,Products!$A$2:$D$13,2,FALSE()) -> Electronics | M905: =F905*G905*(1-H905/100) -> 500 | N905: =VLOOKUP(I905,Customers!$A$2:$D$121,3,FALSE()) -> Pune | O905: =VLOOKUP(I905,Customers!$A$2:$D$121,4,FALSE()) -> Corporate | P905: =TEXT(B905,"yyyy-mm") -> 2025-06
A906: ORD1917 | B906: 45772 | C906: East | D906: Earphones | E906: Sourav Das | F906: 1 | G906: 399 | H906: 0 | I906: C046 | J906: 3 | K906: Card | L906: =VLOOKUP(D906,Products!$A$2:$D$13,2,FALSE()) -> Electronics | M906: =F906*G906*(1-H906/100) -> 399 | N906: =VLOOKUP(I906,Customers!$A$2:$D$121,3,FALSE()) -> Jaipur | O906: =VLOOKUP(I906,Customers!$A$2:$D$121,4,FALSE()) -> Corporate | P906: =TEXT(B906,"yyyy-mm") -> 2025-04
A907: ORD1918 | B907: 45894 | C907: Central | D907: Photo Frame | E907: Vikas Joshi | F907: 5 | G907: 199 | H907: 0 | I907: C023 | J907: 5 | K907: Card | L907: =VLOOKUP(D907,Products!$A$2:$D$13,2,FALSE()) -> Home | M907: =F907*G907*(1-H907/100) -> 995 | N907: =VLOOKUP(I907,Customers!$A$2:$D$121,3,FALSE()) -> Mumbai | O907: =VLOOKUP(I907,Customers!$A$2:$D$121,4,FALSE()) -> Retail | P907: =TEXT(B907,"yyyy-mm") -> 2025-08
A908: ORD1919 | B908: 45769 | C908: North | D908: Wireless Mouse | E908: Riya Singh | F908: 3 | G908: 450 | H908: 0 | I908: C074 | J908: 2 | K908: Cash | L908: =VLOOKUP(D908,Products!$A$2:$D$13,2,FALSE()) -> Electronics | M908: =F908*G908*(1-H908/100) -> 1350 | N908: =VLOOKUP(I908,Customers!$A$2:$D$121,3,FALSE()) -> Pune | O908: =VLOOKUP(I908,Customers!$A$2:$D$121,4,FALSE()) -> Student | P908: =TEXT(B908,"yyyy-mm") -> 2025-04
A909: ORD1920 | B909: 46035 | C909: South | D909: Desk Organizer | E909: Meena Nair | F909: 1 | G909: 180 | H909: 15 | I909: C005 | J909: 4 | K909: Card | L909: =VLOOKUP(D909,Products!$A$2:$D$13,2,FALSE()) -> Stationery | M909: =F909*G909*(1-H909/100) -> 153 | N909: =VLOOKUP(I909,Customers!$A$2:$D$121,3,FALSE()) -> Bhopal | O909: =VLOOKUP(I909,Customers!$A$2:$D$121,4,FALSE()) -> Student | P909: =TEXT(B909,"yyyy-mm") -> 2026-01
A910: ORD1921 | B910: 46024 | C910: West | D910: Earphones | E910: Rahul Mehta | F910: 4 | G910: 399 | H910: 0 | I910: C069 | J910: 3 | K910: Net Banking | L910: =VLOOKUP(D910,Products!$A$2:$D$13,2,FALSE()) -> Electronics | M910: =F910*G910*(1-H910/100) -> 1596 | N910: =VLOOKUP(I910,Customers!$A$2:$D$121,3,FALSE()) -> Pune | O910: =VLOOKUP(I910,Customers!$A$2:$D$121,4,FALSE()) -> Corporate | P910: =TEXT(B910,"yyyy-mm") -> 2026-01
A911: ORD1922 | B911: 45982 | C911: South | D911: Water Bottle | E911: Meena Nair | F911: 2 | G911: 249 | H911: 0 | I911: C020 | J911: 1 | K911: Cash | L911: =VLOOKUP(D911,Products!$A$2:$D$13,2,FALSE()) -> Accessories | M911: =F911*G911*(1-H911/100) -> 498 | N911: =VLOOKUP(I911,Customers!$A$2:$D$121,3,FALSE()) -> Indore | O911: =VLOOKUP(I911,Customers!$A$2:$D$121,4,FALSE()) -> Retail | P911: =TEXT(B911,"yyyy-mm") -> 2025-11
A912: ORD1923 | B912: 46041 | C912: East | D912: Water Bottle | E912: Tanya Ghosh | F912: 4 | G912: 249 | H912: 15 | I912: C019 | J912: 5 | K912: Cash | L912: =VLOOKUP(D912,Products!$A$2:$D$13,2,FALSE()) -> Accessories | M912: =F912*G912*(1-H912/100) -> 846.6 | N912: =VLOOKUP(I912,Customers!$A$2:$D$121,3,FALSE()) -> Kolkata | O912: =VLOOKUP(I912,Customers!$A$2:$D$121,4,FALSE()) -> Student | P912: =TEXT(B912,"yyyy-mm") -> 2026-01
A913: ORD1924 | B913: 45993 | C913: North | D913: Photo Frame | E913: Aman Verma | F913: 3 | G913: 199 | H913: 0 | I913: C018 | J913: 4 | K913: Cash | L913: =VLOOKUP(D913,Products!$A$2:$D$13,2,FALSE()) -> Home | M913: =F913*G913*(1-H913/100) -> 597 | N913: =VLOOKUP(I913,Customers!$A$2:$D$121,3,FALSE()) -> Pune | O913: =VLOOKUP(I913,Customers!$A$2:$D$121,4,FALSE()) -> Retail | P913: =TEXT(B913,"yyyy-mm") -> 2025-12
A914: ORD1925 | B914: 46064 | C914: West | D914: Notebook A5 | E914: Pooja Shah | F914: 1 | G914: 40 | H914: 0 | I914: C058 | J914: N/A | K914: UPI | L914: =VLOOKUP(D914,Products!$A$2:$D$13,2,FALSE()) -> Stationery | M914: =F914*G914*(1-H914/100) -> 40 | N914: =VLOOKUP(I914,Customers!$A$2:$D$121,3,FALSE()) -> Jaipur | O914: =VLOOKUP(I914,Customers!$A$2:$D$121,4,FALSE()) -> Corporate | P914: =TEXT(B914,"yyyy-mm") -> 2026-02
A915: ORD1926 | B915: 46046 | C915: South | D915: Study Lamp | E915: Meena Nair | F915: 1 | G915: 699 | H915: 10 | I915: C029 | J915: 5 | K915: Card | L915: =VLOOKUP(D915,Products!$A$2:$D$13,2,FALSE()) -> Home | M915: =F915*G915*(1-H915/100) -> 629.1 | N915: =VLOOKUP(I915,Customers!$A$2:$D$121,3,FALSE()) -> Jaipur | O915: =VLOOKUP(I915,Customers!$A$2:$D$121,4,FALSE()) -> Corporate | P915: =TEXT(B915,"yyyy-mm") -> 2026-01
A916: ORD1927 | B916: 46023 | C916: North | D916: Notebook A5 | E916: Aman Verma | F916: 1 | G916: 40 | H916: 5 | I916: C087 | J916: 4 | K916: Net Banking | L916: =VLOOKUP(D916,Products!$A$2:$D$13,2,FALSE()) -> Stationery | M916: =F916*G916*(1-H916/100) -> 38 | N916: =VLOOKUP(I916,Customers!$A$2:$D$121,3,FALSE()) -> Bhopal | O916: =VLOOKUP(I916,Customers!$A$2:$D$121,4,FALSE()) -> Corporate | P916: =TEXT(B916,"yyyy-mm") -> 2026-01
A917: ORD1928 | B917: 45910 | C917: West | D917: Wireless Mouse | E917: Rahul Mehta | F917: 2 | G917: 450 | H917: 10 | I917: C078 | J917: 4 | K917: Cash | L917: =VLOOKUP(D917,Products!$A$2:$D$13,2,FALSE()) -> Electronics | M917: =F917*G917*(1-H917/100) -> 810 | N917: =VLOOKUP(I917,Customers!$A$2:$D$121,3,FALSE()) -> Indore | O917: =VLOOKUP(I917,Customers!$A$2:$D$121,4,FALSE()) -> Corporate | P917: =TEXT(B917,"yyyy-mm") -> 2025-09
A918: ORD1929 | B918: 45966 | C918: South | D918: Backpack | E918: Meena Nair | F918: 2 | G918: 799 | H918: 0 | I918: C050 | J918: 4 | K918: Cash | L918: =VLOOKUP(D918,Products!$A$2:$D$13,2,FALSE()) -> Accessories | M918: =F918*G918*(1-H918/100) -> 1598 | N918: =VLOOKUP(I918,Customers!$A$2:$D$121,3,FALSE()) -> Chennai | O918: =VLOOKUP(I918,Customers!$A$2:$D$121,4,FALSE()) -> Student | P918: =TEXT(B918,"yyyy-mm") -> 2025-11
A919: ORD1930 | B919: 45976 | C919: East | D919: Earphones | E919: Tanya Ghosh | F919: 1 | G919: 399 | H919: 10 | I919: C012 | J919: 3 | K919: Net Banking | L919: =VLOOKUP(D919,Products!$A$2:$D$13,2,FALSE()) -> Electronics | M919: =F919*G919*(1-H919/100) -> 359.1 | N919: =VLOOKUP(I919,Customers!$A$2:$D$121,3,FALSE()) -> Jaipur | O919: =VLOOKUP(I919,Customers!$A$2:$D$121,4,FALSE()) -> Corporate | P919: =TEXT(B919,"yyyy-mm") -> 2025-11
A920: ORD1931 | B920: 45831 | C920: East | D920: Water Bottle | E920: Tanya Ghosh | F920: 1 | G920: 249 | H920: 15 | I920: C115 | J920: 4 | K920: Card | L920: =VLOOKUP(D920,Products!$A$2:$D$13,2,FALSE()) -> Accessories | M920: =F920*G920*(1-H920/100) -> 211.65 | N920: =VLOOKUP(I920,Customers!$A$2:$D$121,3,FALSE()) -> Lucknow | O920: =VLOOKUP(I920,Customers!$A$2:$D$121,4,FALSE()) -> Retail | P920: =TEXT(B920,"yyyy-mm") -> 2025-06
A921: ORD1932 | B921: 45792 | C921: Central | D921: Study Lamp | E921: Neha Tiwari | F921: 4 | G921: 699 | H921: 0 | I921: C027 | J921: 3 | K921: UPI | L921: =VLOOKUP(D921,Products!$A$2:$D$13,2,FALSE()) -> Home | M921: =F921*G921*(1-H921/100) -> 2796 | N921: =VLOOKUP(I921,Customers!$A$2:$D$121,3,FALSE()) -> Pune | O921: =VLOOKUP(I921,Customers!$A$2:$D$121,4,FALSE()) -> Retail | P921: =TEXT(B921,"yyyy-mm") -> 2025-05
A922: ORD1933 | B922: 45793 | C922: West | D922: Study Lamp | E922: Pooja Shah | F922: 7 | G922: 699 | H922: 0 | I922: C053 | J922: 4 | K922: Net Banking | L922: =VLOOKUP(D922,Products!$A$2:$D$13,2,FALSE()) -> Home | M922: =F922*G922*(1-H922/100) -> 4893 | N922: =VLOOKUP(I922,Customers!$A$2:$D$121,3,FALSE()) -> Jaipur | O922: =VLOOKUP(I922,Customers!$A$2:$D$121,4,FALSE()) -> Retail | P922: =TEXT(B922,"yyyy-mm") -> 2025-05
A923: ORD1934 | B923: 45984 | C923: Central | D923: Desk Organizer | E923: Vikas Joshi | F923: 2 | G923: 180 | H923: 15 | I923: C073 | J923: 5 | K923: Card | L923: =VLOOKUP(D923,Products!$A$2:$D$13,2,FALSE()) -> Stationery | M923: =F923*G923*(1-H923/100) -> 306 | N923: =VLOOKUP(I923,Customers!$A$2:$D$121,3,FALSE()) -> Jaipur | O923: =VLOOKUP(I923,Customers!$A$2:$D$121,4,FALSE()) -> Retail | P923: =TEXT(B923,"yyyy-mm") -> 2025-11
A924: ORD1935 | B924: 45896 | C924: West | D924: Desk Organizer | E924: Pooja Shah | F924: 1 | G924: 180 | H924: 10 | I924: C063 | J924: 1 | K924: Cash | L924: =VLOOKUP(D924,Products!$A$2:$D$13,2,FALSE()) -> Stationery | M924: =F924*G924*(1-H924/100) -> 162 | N924: =VLOOKUP(I924,Customers!$A$2:$D$121,3,FALSE()) -> Delhi | O924: =VLOOKUP(I924,Customers!$A$2:$D$121,4,FALSE()) -> Retail | P924: =TEXT(B924,"yyyy-mm") -> 2025-08
A925: ORD1936 | B925: 45985 | C925: Central | D925: Water Bottle | E925: Vikas Joshi | F925: 1 | G925: 249 | H925: 0 | I925: C004 | J925: 5 | K925: Cash | L925: =VLOOKUP(D925,Products!$A$2:$D$13,2,FALSE()) -> Accessories | M925: =F925*G925*(1-H925/100) -> 249 | N925: =VLOOKUP(I925,Customers!$A$2:$D$121,3,FALSE()) -> Mumbai | O925: =VLOOKUP(I925,Customers!$A$2:$D$121,4,FALSE()) -> Corporate | P925: =TEXT(B925,"yyyy-mm") -> 2025-11
A926: ORD1937 | B926: 45811 | C926: West | D926: USB Flash 64GB | E926: Pooja Shah | F926: 1 | G926: 500 | H926: 15 | I926: C086 | J926: 5 | K926: Card | L926: =VLOOKUP(D926,Products!$A$2:$D$13,2,FALSE()) -> Electronics | M926: =F926*G926*(1-H926/100) -> 425 | N926: =VLOOKUP(I926,Customers!$A$2:$D$121,3,FALSE()) -> Mumbai | O926: =VLOOKUP(I926,Customers!$A$2:$D$121,4,FALSE()) -> Student | P926: =TEXT(B926,"yyyy-mm") -> 2025-06
... A989: ORD2000 | B989: 45951 | C989: North | D989: Earphones | E989: Aman Verma | F989: 1 | G989: 399 | H989: 15 | I989: C108 | J989: 3 | K989: UPI | L989: =VLOOKUP(D989,Products!$A$2:$D$13,2,FALSE()) -> Electronics | M989: =F989*G989*(1-H989/100) -> 339.15 | N989: =VLOOKUP(I989,Customers!$A$2:$D$121,3,FALSE()) -> Chennai | O989: =VLOOKUP(I989,Customers!$A$2:$D$121,4,FALSE()) -> Student | P989: =TEXT(B989,"yyyy-mm") -> 2025-10

Sheet Products
A1: Product | B1: Category | C1: CostPrice | D1: MRP
A2: Notebook A5 | B2: Stationery | C2: 18 | D2: 40
A3: Gel Pen Pack | B3: Stationery | C3: 12 | D3: 30
A4: Desk Organizer | B4: Stationery | C4: 90 | D4: 180
A5: Wireless Mouse | B5: Electronics | C5: 220 | D5: 450
A6: USB Flash 64GB | B6: Electronics | C6: 260 | D6: 500
A7: Earphones | B7: Electronics | C7: 180 | D7: 399
A8: Backpack | B8: Accessories | C8: 350 | D8: 799
A9: Water Bottle | B9: Accessories | C9: 110 | D9: 249
A10: Laptop Sleeve | B10: Accessories | C10: 240 | D10: 549
A11: Study Lamp | B11: Home | C11: 300 | D11: 699
A12: Wall Clock | B12: Home | C12: 150 | D12: 349
A13: Photo Frame | B13: Home | C13: 80 | D13: 199

Sheet Customers
A1: CustomerID | B1: CustomerName | C1: City | D1: Segment
A2: C001 | B2: Saanvi Jain | C2: Nagpur | D2: Retail
A3: C002 | B3: Isha Mishra | C3: Indore | D3: Student
A4: C003 | B4: Yash Mishra | C4: Delhi | D4: Retail
A5: C004 | B5: Karan Jain | C5: Mumbai | D5: Corporate
A6: C005 | B6: Saanvi Gupta | C6: Bhopal | D6: Student
A7: C006 | B7: Harsh Khan | C7: Mumbai | D7: Retail
A8: C007 | B8: Aarav Mishra | C8: Nagpur | D8: Retail
A9: C008 | B9: Dev Reddy | C9: Kolkata | D9: Student
A10: C009 | B10: Arjun Reddy | C10: Lucknow | D10: Student
A11: C010 | B11: Ananya Khan | C11: Bhopal | D11: Retail
A12: C011 | B12: Kavya Reddy | C12: Bhopal | D12: Retail
... A121: C120 | B121: Pari Patel | C121: Jaipur | D121: Retail
